{"sw_score_s1": 0.13482103728480221, "sw_score_s2": 0.08431144742614324, "sw_score_s3": 0.09383417961799197, "sw_score_s4": 0.12829398788174134, "sw_score_s5": 0.10055960979331954, "sw_score_s6": 0.11045653270419332, "sw_score_s7": 0.10773066707937319, "sw_score_s8": 0.08500138275070994, "sw_score_s9": 0.14155076754461265}